firstName,lastName,dob,email,ssn,gender,address,city,state,zip,company,phoneNum,groupId,personalId,insurer,guarantor
Katherine,Gibson,4/4/1989,kgibson0@weibo.com,429-66-0813,Female,98016 Dixon Lane,El Paso,Texas,79905,Beahan Group,1-(915)444-1674,192796467-9,063874824-0,Katherine Gibson,Katherine Gibson
Jack,Wood,2/11/1987,jwood1@comcast.net,775-99-0321,Male,33 Schmedeman Street,Joliet,Illinois,60435,Lebsack LLC,1-(815)473-8176,469603377-5,219400290-1,Jack Wood,Jack Wood
Diana,Harper,7/11/1993,dharper2@va.gov,728-64-5663,Female,76670 Weeping Birch Place,El Paso,Texas,79940,Abbott-Fay,1-(915)552-3567,833317184-2,605108250-6,Diana Harper,Diana Harper
John,Bennett,11/18/1992,jbennett3@fastcompany.com,981-47-9445,Male,88679 Oneill Way,Washington,District of Columbia,20099,Ullrich-Hoeger,1-(202)405-4008,667309291-2,200728481-2,John Bennett,John Bennett
Shirley,Mcdonald,8/21/1995,smcdonald4@blogspot.com,718-55-1936,Female,799 Hoffman Point,North Hollywood,California,91606,Pfeffer-Crist,1-(323)656-0518,425085041-2,138724919-3,Shirley Mcdonald,Shirley Mcdonald
Elizabeth,Rivera,5/6/1997,erivera5@meetup.com,296-39-4949,Female,84222 Colorado Junction,Falls Church,Virginia,22047,Treutel-Kuhn,1-(571)688-3386,819314055-9,123913047-3,Elizabeth Rivera,Elizabeth Rivera
Kimberly,Carroll,8/30/2000,kcarroll6@technorati.com,724-00-1863,Female,3 Briar Crest Way,Baltimore,Maryland,21282,D'Amore-Kessler,1-(410)764-2219,691329148-5,919741769-6,Kimberly Carroll,Kimberly Carroll
Todd,Perez,3/9/1985,tperez7@naver.com,902-85-3971,Male,2118 Haas Avenue,Seattle,Washington,98148,"Tillman, Ebert and Rowe",1-(253)760-6430,011946563-9,440814539-4,Todd Perez,Todd Perez
George,Gonzalez,4/7/2000,ggonzalez8@zimbio.com,790-20-5387,Male,81 Loftsgordon Way,Houston,Texas,77095,"Bogan, Lueilwitz and Kuhlman",1-(281)885-2035,776787565-2,182078592-0,George Gonzalez,George Gonzalez
Lawrence,Peterson,6/28/1997,lpeterson9@hatena.ne.jp,426-75-3940,Male,66377 Bultman Drive,Fort Wayne,Indiana,46867,Denesik Group,1-(260)880-0907,890172823-0,095424243-2,Lawrence Peterson,Lawrence Peterson
Nancy,Burns,11/4/1998,nburnsa@go.com,332-43-9090,Female,0 Red Cloud Center,Dallas,Texas,75210,O'Connell-Blanda,1-(469)938-5826,288237736-3,824211063-8,Nancy Burns,Nancy Burns
Christine,Cox,5/15/1997,ccoxb@myspace.com,245-32-7692,Female,360 Farmco Junction,Harrisburg,Pennsylvania,17126,Zboncak Group,1-(717)276-7152,299496198-9,039422770-0,Christine Cox,Christine Cox
Judy,Wood,7/28/2000,jwoodc@mac.com,717-87-6660,Female,35104 Thackeray Place,Denton,Texas,76205,Kuhlman Inc,1-(940)744-1108,269352493-8,927254167-0,Judy Wood,Judy Wood
Jerry,Franklin,1/22/1989,jfranklind@nifty.com,576-84-4585,Male,52837 Golf Course Point,Durham,North Carolina,27705,Krajcik LLC,1-(919)927-0952,770551923-2,404530226-3,Jerry Franklin,Jerry Franklin
Paul,Turner,7/13/1996,pturnere@webs.com,538-95-5521,Male,1 Kensington Trail,Flushing,New York,11388,Moen LLC,1-(718)370-6262,459831600-4,939913767-8,Paul Turner,Paul Turner
Jessica,Lopez,1/2/1991,jlopezf@virginia.edu,958-29-1345,Female,25278 Petterle Road,Gainesville,Georgia,30506,Legros Group,1-(770)684-5835,372520584-1,218756008-2,Jessica Lopez,Jessica Lopez
James,Sanchez,9/25/1987,jsanchezg@cbc.ca,568-26-7743,Male,908 Westridge Alley,Albuquerque,New Mexico,87180,"Langworth, King and Daniel",1-(505)964-3671,194708297-3,548921344-2,James Sanchez,James Sanchez
Betty,Thomas,6/25/2000,bthomash@wiley.com,607-00-0751,Female,85342 Arkansas Court,Wilmington,Delaware,19892,Kunde Inc,1-(302)996-4513,720503747-6,949976007-5,Betty Thomas,Betty Thomas
Billy,Holmes,9/26/1992,bholmesi@cdbaby.com,716-78-2320,Male,86016 David Lane,Spokane,Washington,99205,Dibbert-Luettgen,1-(509)196-1971,611741309-2,341800871-2,Billy Holmes,Billy Holmes
Brian,Coleman,7/2/1997,bcolemanj@state.tx.us,722-31-4181,Male,45607 Riverside Lane,Philadelphia,Pennsylvania,19178,Heathcote Inc,1-(215)522-1582,652720890-1,080748368-0,Brian Coleman,Brian Coleman
Lisa,Lynch,7/11/1983,llynchk@ibm.com,582-91-0790,Female,977 Northview Place,Charlotte,North Carolina,28225,"Ritchie, Volkman and Kirlin",1-(704)298-9931,908034312-9,807759396-8,Lisa Lynch,Lisa Lynch
Harold,Hanson,10/26/1993,hhansonl@cargocollective.com,793-15-7882,Male,58 Veith Way,Salt Lake City,Utah,84105,Maggio and Sons,1-(801)350-0018,899925135-7,414139911-6,Harold Hanson,Harold Hanson
Carol,Willis,3/28/1987,cwillism@cisco.com,542-19-4222,Female,2165 Blue Bill Park Court,San Francisco,California,94164,Bernhard-Dickinson,1-(415)955-9110,707580297-6,758145379-0,Carol Willis,Carol Willis
Ruth,Parker,2/7/1992,rparkern@example.com,943-92-8997,Female,5875 Stone Corner Street,Tulsa,Oklahoma,74156,"Murphy, Emard and Dibbert",1-(918)160-4482,644719604-4,556507742-7,Ruth Parker,Ruth Parker
Gloria,Dunn,11/17/2000,gdunno@elegantthemes.com,429-51-7399,Female,5 Katie Court,Harrisburg,Pennsylvania,17110,"Boyer, Price and Buckridge",1-(717)747-8661,635417843-7,023749740-9,Gloria Dunn,Gloria Dunn
James,Stanley,1/14/1989,jstanleyp@dell.com,144-08-7051,Male,9 Ronald Regan Court,Fort Pierce,Florida,34949,Ziemann Group,1-(772)678-6751,327714477-1,645309864-4,James Stanley,James Stanley
Denise,Stevens,7/21/1985,dstevensq@booking.com,577-77-5200,Female,1 Hollow Ridge Plaza,Colorado Springs,Colorado,80935,Bartell Group,1-(719)290-4444,532457399-X,128330585-2,Denise Stevens,Denise Stevens
Robin,Taylor,3/27/1981,rtaylorr@hhs.gov,853-22-8169,Female,62686 Sunnyside Plaza,Scranton,Pennsylvania,18514,Pouros and Sons,1-(570)848-8830,098008519-5,262742631-1,Robin Taylor,Robin Taylor
Anne,Adams,12/14/1990,aadamss@npr.org,714-14-2671,Female,688 Stoughton Court,Madison,Wisconsin,53790,Kuphal-Mayer,1-(608)970-1472,332933006-6,144509063-5,Anne Adams,Anne Adams
Cynthia,Martin,12/16/1996,cmartint@upenn.edu,299-48-1397,Female,987 Elgar Way,Des Moines,Iowa,50335,"Rowe, Johnston and Goldner",1-(515)477-6597,765978555-9,717919817-X,Cynthia Martin,Cynthia Martin
Emily,Lee,1/1/1987,eleeu@unicef.org,801-93-0441,Female,0864 Pearson Trail,Tyler,Texas,75710,Osinski LLC,1-(903)448-4592,572489105-0,622667803-8,Emily Lee,Emily Lee
Donald,Hart,1/27/1993,dhartv@berkeley.edu,703-34-4359,Male,5515 Milwaukee Park,El Paso,Texas,79994,"Carter, O'Hara and Hauck",1-(915)732-4205,420784805-3,740594853-7,Donald Hart,Donald Hart
Nancy,Dunn,3/17/1997,ndunnw@businessinsider.com,293-75-6886,Female,721 Butternut Court,North Las Vegas,Nevada,89087,Grady and Sons,1-(702)507-8255,206238332-0,002214778-0,Nancy Dunn,Nancy Dunn
Julie,Russell,6/1/1989,jrussellx@amazonaws.com,837-61-8020,Female,4138 Carpenter Way,New York City,New York,10009,Wilderman LLC,1-(917)756-6202,860208213-4,145988968-1,Julie Russell,Julie Russell
Diane,Tucker,5/15/1993,dtuckery@youtu.be,459-42-5666,Female,639 Dovetail Street,Detroit,Michigan,48206,Wilkinson LLC,1-(313)506-3304,119239140-3,965437670-9,Diane Tucker,Diane Tucker
Judy,Price,2/9/1984,jpricez@feedburner.com,761-44-3099,Female,729 Meadow Vale Way,Oklahoma City,Oklahoma,73167,Quitzon-Hoppe,1-(405)860-7954,931363461-9,110227177-2,Judy Price,Judy Price
Roger,Castillo,4/26/2000,rcastillo10@vkontakte.ru,898-01-6087,Male,524 Luster Place,Omaha,Nebraska,68124,Herman-Tromp,1-(402)508-2793,880202125-2,993584950-3,Roger Castillo,Roger Castillo
Jason,Robertson,7/21/1992,jrobertson11@yolasite.com,262-71-0248,Male,3641 Victoria Circle,Roanoke,Virginia,24029,Dare-Kerluke,1-(540)903-1825,400887659-6,449463131-0,Jason Robertson,Jason Robertson
Martha,Roberts,12/24/1991,mroberts12@liveinternet.ru,478-67-4759,Female,698 Merrick Alley,Dallas,Texas,75265,Schaden-Kunde,1-(214)733-5172,451309299-8,627261725-9,Martha Roberts,Martha Roberts
Johnny,Bailey,6/9/1982,jbailey13@seesaa.net,715-60-2072,Male,56 Straubel Road,San Antonio,Texas,78215,"Lesch, Fahey and Walsh",1-(210)469-3017,525567005-7,489650815-7,Johnny Bailey,Johnny Bailey
Roger,Schmidt,9/7/1995,rschmidt14@google.co.uk,131-60-5339,Male,69 Lyons Pass,Lehigh Acres,Florida,33972,Rohan-Johnston,1-(239)711-9908,842041582-0,707186738-0,Roger Schmidt,Roger Schmidt
Adam,Andrews,2/10/1997,aandrews15@go.com,955-83-6098,Male,9 Katie Pass,Detroit,Michigan,48295,Quitzon Group,1-(313)234-7205,953739693-2,168460648-9,Adam Andrews,Adam Andrews
Andrea,Romero,7/3/1981,aromero16@exblog.jp,810-09-1174,Female,32 Hudson Circle,Naples,Florida,33961,Fay-Stanton,1-(305)452-6412,053379142-1,631722867-1,Andrea Romero,Andrea Romero
Marie,Ferguson,1/5/1994,mferguson17@nhs.uk,441-79-3626,Female,4375 Larry Point,Memphis,Tennessee,38161,Herman-Kilback,1-(901)187-0457,738686932-0,632172429-7,Marie Ferguson,Marie Ferguson
Sean,Grant,2/16/1993,sgrant18@msu.edu,925-84-2936,Male,887 Moland Alley,Henderson,Nevada,89012,"Johns, Roob and Haag",1-(702)338-6493,273315096-0,892137890-1,Sean Grant,Sean Grant
Raymond,Gonzales,5/25/1982,rgonzales19@feedburner.com,789-57-2812,Male,55135 Hagan Pass,Salem,Oregon,97312,Windler Inc,1-(971)996-8904,674039556-X,036164779-4,Raymond Gonzales,Raymond Gonzales
Ruth,Fox,3/7/1995,rfox1a@unicef.org,999-22-3515,Female,9 Russell Junction,Buffalo,New York,14276,"Hand, Jacobs and Hills",1-(716)276-8994,541801434-X,478646929-7,Ruth Fox,Ruth Fox
Matthew,Thompson,4/14/1987,mthompson1b@upenn.edu,188-15-2289,Male,917 Dunning Road,Reno,Nevada,89510,Bins Group,1-(775)825-6212,673444126-1,540777704-5,Matthew Thompson,Matthew Thompson
Stephanie,Hayes,2/21/1982,shayes1c@cbslocal.com,889-18-9591,Female,855 Bunting Avenue,Portsmouth,New Hampshire,03804,Batz-Welch,1-(603)498-5677,912699790-8,294721844-2,Stephanie Hayes,Stephanie Hayes
Angela,Chapman,6/13/1998,achapman1d@auda.org.au,576-53-1161,Female,6442 Blaine Avenue,Omaha,Nebraska,68164,"Johns, Herzog and Casper",1-(402)769-3023,736935301-X,353974411-8,Angela Chapman,Angela Chapman
Amy,Kelley,4/12/2000,akelley1e@woothemes.com,900-48-4432,Female,86 Bultman Pass,Trenton,New Jersey,08608,"Aufderhar, O'Keefe and Cartwright",1-(609)807-6316,384202702-8,827895149-7,Amy Kelley,Amy Kelley
Susan,Kelley,6/15/1987,skelley1f@yellowpages.com,949-93-1363,Female,941 Everett Road,Sparks,Nevada,89436,Haag-Kessler,1-(775)662-1659,401279462-0,960141424-X,Susan Kelley,Susan Kelley
Kelly,Williamson,8/27/1998,kwilliamson1g@digg.com,670-15-7131,Female,3782 Ilene Avenue,Bismarck,North Dakota,58505,Fadel and Sons,1-(701)568-2246,747366567-7,356333559-1,Kelly Williamson,Kelly Williamson
Lillian,Gray,9/30/1989,lgray1h@bloglines.com,269-66-6426,Female,3 Dakota Trail,Springfield,Ohio,45505,Grady and Sons,1-(937)489-6829,050380606-4,542858023-2,Lillian Gray,Lillian Gray
Jerry,Tucker,12/11/1994,jtucker1i@t-online.de,420-63-8418,Male,12549 Leroy Crossing,Newport News,Virginia,23605,"Bednar, Weber and Wolff",1-(757)318-2061,684552511-0,524558347-X,Jerry Tucker,Jerry Tucker
Gary,King,5/25/1981,gking1j@nbcnews.com,733-96-9947,Male,64 Sachtjen Way,Charlotte,North Carolina,28225,Hoppe-Shields,1-(704)360-3618,542045415-7,368025165-3,Gary King,Gary King
Todd,Hicks,7/10/1988,thicks1k@illinois.edu,734-74-3010,Male,62 Acker Avenue,Detroit,Michigan,48295,Spencer-Haag,1-(313)576-4748,429699308-9,069839683-9,Todd Hicks,Todd Hicks
Kimberly,Perez,11/27/2000,kperez1l@senate.gov,895-22-2272,Female,9164 Dennis Point,Long Beach,California,90810,"McKenzie, Walsh and Schulist",1-(310)878-7598,570303690-9,759102675-5,Kimberly Perez,Kimberly Perez
Jean,Ramos,4/15/1994,jramos1m@cocolog-nifty.com,330-53-7992,Female,90 Mandrake Circle,Sparks,Nevada,89436,"Turner, Marvin and Pacocha",1-(775)799-3816,296516008-6,427514368-X,Jean Ramos,Jean Ramos
Catherine,Ruiz,12/18/1987,cruiz1n@wired.com,125-27-5780,Female,3 Spenser Lane,Albuquerque,New Mexico,87121,Muller LLC,1-(505)672-7881,501614849-X,622470341-8,Catherine Ruiz,Catherine Ruiz
Anne,Chapman,4/24/1995,achapman1o@tripod.com,787-08-2308,Female,8 Sycamore Circle,Jamaica,New York,11447,Spinka-Goyette,1-(718)663-5074,972724801-2,395795938-1,Anne Chapman,Anne Chapman
Philip,Reynolds,2/16/1987,preynolds1p@blogger.com,864-46-8964,Male,572 Lakewood Gardens Trail,Terre Haute,Indiana,47805,Wolf Group,1-(812)816-7774,922278589-4,651537235-3,Philip Reynolds,Philip Reynolds
Karen,Hicks,1/6/1982,khicks1q@reverbnation.com,545-65-4572,Female,74 Killdeer Crossing,Dallas,Texas,75353,Harvey-Luettgen,1-(214)255-6714,906203424-1,607498833-1,Karen Hicks,Karen Hicks
Shirley,Kennedy,9/2/1985,skennedy1r@telegraph.co.uk,467-35-5419,Female,85298 Rigney Hill,Paterson,New Jersey,07505,Corwin-Leffler,1-(862)984-4907,156684608-0,106252367-9,Shirley Kennedy,Shirley Kennedy
William,Bradley,2/23/1983,wbradley1s@unicef.org,598-16-4753,Male,179 Meadow Vale Road,Milwaukee,Wisconsin,53277,"Kub, Ernser and Rogahn",1-(414)130-2917,083899281-1,088049855-2,William Bradley,William Bradley
Eric,Jones,2/20/1981,ejones1t@studiopress.com,324-87-2566,Male,7699 Heffernan Hill,Houston,Texas,77228,"Gutkowski, Dare and Johns",1-(713)924-9164,566859318-5,741880109-2,Eric Jones,Eric Jones
Maria,Murphy,1/21/1982,mmurphy1u@huffingtonpost.com,737-49-0687,Female,8 Hazelcrest Park,Hialeah,Florida,33018,"Beier, Osinski and Gottlieb",1-(305)123-3934,230646170-8,924474741-3,Maria Murphy,Maria Murphy
Ruth,Arnold,9/29/1993,rarnold1v@google.ca,865-11-2160,Female,69 Roxbury Avenue,Saint Paul,Minnesota,55188,Roob-Fahey,1-(651)740-6415,756975929-X,102542186-8,Ruth Arnold,Ruth Arnold
Rachel,Jackson,5/19/1990,rjackson1w@dailymail.co.uk,775-79-7425,Female,51 Derek Circle,Lehigh Acres,Florida,33972,Boehm-Langosh,1-(863)952-6227,601900697-2,464061898-0,Rachel Jackson,Rachel Jackson
Emily,Flores,7/13/1994,eflores1x@usda.gov,531-88-0569,Female,66 Helena Junction,Washington,District of Columbia,20370,Kshlerin-Parker,1-(202)144-1424,530123411-0,887134943-1,Emily Flores,Emily Flores
Jesse,Patterson,8/18/1999,jpatterson1y@woothemes.com,162-16-4438,Male,1 Center Plaza,Newark,New Jersey,07112,Ratke-Nolan,1-(973)760-8808,710402924-9,010543700-X,Jesse Patterson,Jesse Patterson
Johnny,Mendoza,4/15/1993,jmendoza1z@europa.eu,890-99-7774,Male,420 Ronald Regan Place,Fresno,California,93715,Simonis-Schumm,1-(559)558-1653,067422802-2,717667273-3,Johnny Mendoza,Johnny Mendoza
Sean,Pierce,5/10/1996,spierce20@tripadvisor.com,344-24-4564,Male,05134 Rockefeller Center,Alexandria,Louisiana,71307,"Stehr, Hilll and Spinka",1-(318)218-1609,045584453-4,355882245-5,Sean Pierce,Sean Pierce
Anne,Robinson,4/28/1984,arobinson21@infoseek.co.jp,565-14-6671,Female,7 Kipling Junction,El Paso,Texas,79916,Wintheiser Inc,1-(915)119-5817,549204252-1,448066545-5,Anne Robinson,Anne Robinson
Russell,Black,5/13/1996,rblack22@slideshare.net,797-25-7662,Male,95318 Coolidge Street,Cincinnati,Ohio,45208,Purdy LLC,1-(513)949-1615,166455605-2,540761019-1,Russell Black,Russell Black
Juan,Williams,10/19/1990,jwilliams23@example.com,796-08-9528,Male,334 Green Ridge Lane,Seattle,Washington,98115,"Wisozk, Leannon and Bechtelar",1-(425)510-6080,363570569-1,666719691-4,Juan Williams,Juan Williams
Heather,Carroll,6/12/1992,hcarroll24@auda.org.au,690-91-0781,Female,75573 Commercial Junction,Greensboro,North Carolina,27455,Cronin Group,1-(336)911-8603,298661375-6,296905588-0,Heather Carroll,Heather Carroll
Steve,Lopez,2/2/1996,slopez25@theatlantic.com,286-19-3609,Male,22175 Vermont Hill,Philadelphia,Pennsylvania,19093,Durgan LLC,1-(215)478-8968,826359501-0,592556966-0,Steve Lopez,Steve Lopez
Mildred,Sanders,1/5/1992,msanders26@miitbeian.gov.cn,514-72-8980,Female,6540 Grasskamp Avenue,Washington,District of Columbia,20425,Williamson Inc,1-(202)392-6874,710842090-2,703604554-X,Mildred Sanders,Mildred Sanders
Jane,Castillo,2/13/2000,jcastillo27@geocities.com,379-78-7518,Female,7 1st Hill,Birmingham,Alabama,35295,Hane LLC,1-(205)207-2373,256177694-8,950207008-9,Jane Castillo,Jane Castillo
Jane,Rodriguez,5/2/1994,jrodriguez28@freewebs.com,438-50-7660,Female,10 Mariners Cove Court,Sacramento,California,94257,Hodkiewicz-Stracke,1-(916)371-2912,946544128-7,242760358-9,Jane Rodriguez,Jane Rodriguez
John,Hawkins,7/5/1997,jhawkins29@marriott.com,946-66-5178,Male,8 Surrey Pass,San Jose,California,95128,Von LLC,1-(408)420-9033,038829197-4,065619942-3,John Hawkins,John Hawkins
Scott,Adams,3/23/1982,sadams2a@pagesperso-orange.fr,771-54-1635,Male,442 Sunfield Street,Myrtle Beach,South Carolina,29579,"Rogahn, Stehr and Klocko",1-(843)554-7515,844677367-8,238846168-5,Scott Adams,Scott Adams
Karen,Romero,6/19/1995,kromero2b@vinaora.com,692-97-6304,Female,3810 Macpherson Hill,Baltimore,Maryland,21282,"Mosciski, Frami and Bahringer",1-(410)616-7968,593240945-2,584456814-1,Karen Romero,Karen Romero
Kenneth,Mason,6/30/1986,kmason2c@ning.com,468-04-4674,Male,7 8th Trail,Daytona Beach,Florida,32128,Fay LLC,1-(386)751-1795,560327761-0,353049458-5,Kenneth Mason,Kenneth Mason
Joseph,Griffin,2/25/2000,jgriffin2d@house.gov,720-67-3025,Male,48 Lillian Crossing,Syracuse,New York,13251,Strosin-Price,1-(315)276-2961,707750700-9,957976349-6,Joseph Griffin,Joseph Griffin
Frank,Campbell,2/6/1997,fcampbell2e@cnet.com,190-83-1093,Male,65751 Forest Run Parkway,Des Moines,Iowa,50315,Stracke Inc,1-(641)138-9254,433006417-0,769726285-1,Frank Campbell,Frank Campbell
Michelle,Lane,11/12/1996,mlane2f@kickstarter.com,892-26-7489,Female,07 Haas Crossing,Yonkers,New York,10705,Anderson-Fadel,1-(914)452-9443,424382615-3,884662646-X,Michelle Lane,Michelle Lane
Susan,Bell,7/25/1984,sbell2g@aboutads.info,800-18-8476,Female,8829 Hudson Alley,Stamford,Connecticut,06912,Lindgren Inc,1-(203)528-1983,148126326-9,364222816-X,Susan Bell,Susan Bell
Melissa,Bell,3/16/1991,mbell2h@examiner.com,997-00-7763,Female,18 Scoville Court,Lincoln,Nebraska,68531,Bashirian Inc,1-(402)820-1759,668061023-0,276555424-2,Melissa Bell,Melissa Bell
Antonio,Greene,2/17/1989,agreene2i@nymag.com,790-18-1431,Male,54 Fallview Road,New Haven,Connecticut,06533,Adams LLC,1-(203)233-6983,662933105-2,160406951-1,Antonio Greene,Antonio Greene
Gerald,Stewart,1/27/1994,gstewart2j@wsj.com,939-24-2796,Male,0 Green Alley,Rochester,New York,14619,Macejkovic and Sons,1-(585)921-5561,099492661-8,400441938-7,Gerald Stewart,Gerald Stewart
Theresa,Watkins,12/14/1997,twatkins2k@walmart.com,836-32-2021,Female,2 Steensland Junction,Spokane,Washington,99205,Beier-Kozey,1-(509)768-3900,548118564-4,092701645-1,Theresa Watkins,Theresa Watkins
Jane,Perez,10/5/1995,jperez2l@barnesandnoble.com,970-49-0587,Female,34612 Huxley Alley,Gainesville,Florida,32610,Collins-Schmitt,1-(352)997-4523,075191322-7,132928844-0,Jane Perez,Jane Perez
Jose,Hunt,2/16/1982,jhunt2m@bbb.org,944-86-9026,Male,91 Moland Alley,Marietta,Georgia,30066,Muller-Cummerata,1-(678)353-1256,236164883-0,067326282-0,Jose Hunt,Jose Hunt
Daniel,Cruz,11/29/1983,dcruz2n@home.pl,393-82-6000,Male,8 Monument Plaza,Erie,Pennsylvania,16565,"Wisozk, Murray and Glover",1-(814)659-5749,009744085-X,996749989-3,Daniel Cruz,Daniel Cruz
Matthew,Sanchez,6/7/1983,msanchez2o@friendfeed.com,153-70-3010,Male,9 Dakota Parkway,Austin,Texas,78732,"Wilderman, Ankunding and Zboncak",1-(512)183-7823,501492706-8,771005771-3,Matthew Sanchez,Matthew Sanchez
Edward,Bowman,11/19/1987,ebowman2p@ow.ly,497-08-1154,Male,643 Stephen Alley,Cleveland,Ohio,44197,Kshlerin LLC,1-(216)600-1270,053430583-0,627105116-2,Edward Bowman,Edward Bowman
Wayne,Griffin,4/7/1987,wgriffin2q@ihg.com,117-25-7490,Male,3128 Packers Parkway,Decatur,Georgia,30089,Howe and Sons,1-(678)864-9182,899343888-9,002238430-8,Wayne Griffin,Wayne Griffin
Carol,Bishop,4/5/2000,cbishop2r@ucoz.com,782-08-7720,Female,82 Elmside Plaza,Utica,New York,13505,Reilly-Cronin,1-(315)277-2334,029232131-7,683525291-X,Carol Bishop,Carol Bishop
